,algo,family_lable,ari,fmi,homogeneity,completeness,v_measure,tp,fp,fn,tn,family_size,re_size
162,<class 'sklearn.covariance._elliptic_envelope.EllipticEnvelope'>,Enterobacter,0.8786544398038859,0.9779019890632276,0.8386529623245021,0.7413703755943142,0.7870168076007836,0.09090909090909091,0.0,0.01818181818181818,0.8909090909090909,55,5
23,<class 'sklearn.cluster._dbscan.DBSCAN'>,Frankia,0.463618802318094,0.9591678096644419,0.6120359227353217,0.2640240425582367,0.36890670710490103,0.0196078431372549,0.0,0.0392156862745098,0.9411764705882353,51,1
22,<class 'sklearn.cluster._dbscan.DBSCAN'>,Flavobacterium,0.6198307300626161,0.9583555915861839,0.672936898444718,0.4045313958088335,0.505303226593225,0.038461538461538464,0.0,0.038461538461538464,0.9230769230769231,52,2
39,<class 'sklearn.cluster._dbscan.DBSCAN'>,Sphaerotilus,0.6980018048214516,0.9575823054437779,0.7081092142671571,0.49294165155975356,0.5812518611777698,0.05660377358490566,0.0,0.03773584905660377,0.9056603773584906,53,3
174,<class 'sklearn.covariance._elliptic_envelope.EllipticEnvelope'>,Moraxella,0.7447833065810594,0.9568496885950687,0.7321596405397185,0.5542157893504782,0.6308802604336415,0.07407407407407407,0.0,0.037037037037037035,0.8888888888888888,54,4
18,<class 'sklearn.cluster._dbscan.DBSCAN'>,Enterobacter,0.7758362882898279,0.9561592502843783,0.7500512813611632,0.599452157462862,0.6663485929484374,0.09090909090909091,0.0,0.03636363636363636,0.8727272727272727,55,5
185,<class 'sklearn.covariance._elliptic_envelope.EllipticEnvelope'>,Streptomyces,0.5436997918410137,0.9386503207015755,0.6167940320942551,0.3414107948907943,0.43953053637556627,0.044585987261146494,0.0,0.05732484076433121,0.8980891719745223,157,7
183,<class 'sklearn.covariance._elliptic_envelope.EllipticEnvelope'>,Sphaerotilus,0.5952582358193524,0.9369687007474506,0.6392515284712909,0.3937178184645023,0.48730336091078497,0.05660377358490566,0.0,0.05660377358490566,0.8867924528301887,53,3
41,<class 'sklearn.cluster._dbscan.DBSCAN'>,Streptomyces,0.513545721776436,0.9320662360091536,0.597489531419879,0.31756656014498963,0.4147127087939871,0.044585987261146494,0.0,0.06369426751592357,0.89171974522293,157,7
190,<class 'sklearn.covariance._elliptic_envelope.EllipticEnvelope'>,Thermus,0.43626603012634224,0.9297267996688643,0.5630044070805916,0.2534424952159976,0.34953710118009346,0.033816425120772944,0.0,0.06763285024154589,0.8985507246376812,207,7
181,<class 'sklearn.covariance._elliptic_envelope.EllipticEnvelope'>,Salmonella,0.46543826217943707,0.9289945419419103,0.5747254356694508,0.2775476627133153,0.3743253228915326,0.038461538461538464,0.0,0.0673076923076923,0.8942307692307693,104,4
43,<class 'sklearn.cluster._dbscan.DBSCAN'>,Thermococcus,-0.028976175144880875,0.9209370289426528,0.012443374527241603,0.005367903947640151,0.007500285770158736,0.0,0.0196078431372549,0.058823529411764705,0.9215686274509803,51,1
16,<class 'sklearn.cluster._dbscan.DBSCAN'>,Desulfovibrio,0.2828243031075036,0.9209363243736874,0.49166314964863217,0.14793273715302432,0.22743446912551596,0.0196078431372549,0.0,0.0784313725490196,0.9019607843137255,102,2
44,<class 'sklearn.cluster._dbscan.DBSCAN'>,Thermoplasma,0.2823353293413174,0.9200777744431793,0.49166314964863234,0.1479327371530255,0.22743446912551735,0.0196078431372549,0.0,0.0784313725490196,0.9019607843137255,51,1
182,<class 'sklearn.covariance._elliptic_envelope.EllipticEnvelope'>,Shewanella,0.2823353293413174,0.9200777744431793,0.49166314964863234,0.1479327371530255,0.22743446912551735,0.0196078431372549,0.0,0.0784313725490196,0.9019607843137255,51,1
159,<class 'sklearn.covariance._elliptic_envelope.EllipticEnvelope'>,Deinococcus,0.2823353293413174,0.9200777744431793,0.49166314964863234,0.1479327371530255,0.22743446912551735,0.0196078431372549,0.0,0.0784313725490196,0.9019607843137255,51,1
158,<class 'sklearn.covariance._elliptic_envelope.EllipticEnvelope'>,Corynebacterium,0.2823353293413174,0.9200777744431793,0.49166314964863234,0.1479327371530255,0.22743446912551735,0.0196078431372549,0.0,0.0784313725490196,0.9019607843137255,51,1
153,<class 'sklearn.covariance._elliptic_envelope.EllipticEnvelope'>,Brevibacterium,0.2823353293413174,0.9200777744431793,0.49166314964863234,0.1479327371530255,0.22743446912551735,0.0196078431372549,0.0,0.0784313725490196,0.9019607843137255,51,1
188,<class 'sklearn.covariance._elliptic_envelope.EllipticEnvelope'>,Thermoplasma,0.2823353293413174,0.9200777744431793,0.49166314964863234,0.1479327371530255,0.22743446912551735,0.0196078431372549,0.0,0.0784313725490196,0.9019607843137255,51,1
10,<class 'sklearn.cluster._dbscan.DBSCAN'>,Chlorella,0.4187652315190902,0.9187652315190902,0.21663901241626124,0.21663901241626124,0.21663901241626124,0.037037037037037035,0.037037037037037035,0.037037037037037035,0.8888888888888888,54,4
170,<class 'sklearn.covariance._elliptic_envelope.EllipticEnvelope'>,Klebsiella,0.25485248665258314,0.9115695326101602,0.47017695946449123,0.1326861937192259,0.20696567967825538,0.0196078431372549,0.0,0.08823529411764706,0.8921568627450981,102,2
189,<class 'sklearn.covariance._elliptic_envelope.EllipticEnvelope'>,Thermotoga,0.25485248665258314,0.9115695326101602,0.47017695946449123,0.1326861937192259,0.20696567967825538,0.0196078431372549,0.0,0.08823529411764706,0.8921568627450981,102,2
160,<class 'sklearn.covariance._elliptic_envelope.EllipticEnvelope'>,Desulfovibrio,0.25485248665258314,0.9115695326101602,0.47017695946449123,0.1326861937192259,0.20696567967825538,0.0196078431372549,0.0,0.08823529411764706,0.8921568627450981,102,2
20,<class 'sklearn.cluster._dbscan.DBSCAN'>,Eubacterium,-0.030212541717899173,0.9021274818888028,0.016766492616712907,0.005885742781720218,0.008712893995478197,0.0,0.0196078431372549,0.0784313725490196,0.9019607843137255,51,1
177,<class 'sklearn.covariance._elliptic_envelope.EllipticEnvelope'>,Nocardia,0.22267379250297864,0.9015545564162515,0.20881124961107098,0.08093465192634508,0.11665439073273529,0.019417475728155338,0.009708737864077669,0.08737864077669903,0.883495145631068,103,3
179,<class 'sklearn.covariance._elliptic_envelope.EllipticEnvelope'>,Pyrococcus,0.22267379250297864,0.9015545564162515,0.20881124961107098,0.08093465192634508,0.11665439073273529,0.019417475728155338,0.009708737864077669,0.08737864077669903,0.883495145631068,103,3
17,<class 'sklearn.cluster._dbscan.DBSCAN'>,Diplococcus,0.23031496062992127,0.9012575683950169,0.4507535814407424,0.12010075033949029,0.18966605081342153,0.0196078431372549,0.0,0.09803921568627451,0.8823529411764706,51,1
38,<class 'sklearn.cluster._dbscan.DBSCAN'>,Shewanella,0.23031496062992127,0.9012575683950169,0.4507535814407424,0.12010075033949029,0.18966605081342153,0.0196078431372549,0.0,0.09803921568627451,0.8823529411764706,51,1
161,<class 'sklearn.covariance._elliptic_envelope.EllipticEnvelope'>,Diplococcus,0.23031496062992127,0.9012575683950169,0.4507535814407424,0.12010075033949029,0.18966605081342153,0.0196078431372549,0.0,0.09803921568627451,0.8823529411764706,51,1
167,<class 'sklearn.covariance._elliptic_envelope.EllipticEnvelope'>,Frankia,0.23031496062992127,0.9012575683950169,0.4507535814407424,0.12010075033949029,0.18966605081342153,0.0196078431372549,0.0,0.09803921568627451,0.8823529411764706,51,1
156,<class 'sklearn.covariance._elliptic_envelope.EllipticEnvelope'>,Citrobacter,0.4382149990920646,0.8970972715858277,0.25306732386104097,0.2237118633928022,0.23748588066886883,0.05454545454545454,0.03636363636363636,0.05454545454545454,0.8545454545454545,55,5
191,<class 'sklearn.covariance._elliptic_envelope.EllipticEnvelope'>,Xanthomonas,0.20558762631314134,0.8970870823718041,0.12821348330016935,0.06388273219273119,0.08527630381624712,0.019230769230769232,0.019230769230769232,0.08173076923076923,0.8798076923076923,208,8
155,<class 'sklearn.covariance._elliptic_envelope.EllipticEnvelope'>,Chlorobium,0.10884986754986345,0.8934793337539082,0.10032311958540002,0.028311665665171255,0.0441609105135304,0.00980392156862745,0.00980392156862745,0.09803921568627451,0.8823529411764706,102,2
26,<class 'sklearn.cluster._dbscan.DBSCAN'>,Klebsiella,0.21004037470199277,0.8932206327229614,0.433030470614115,0.10954123194031691,0.17485132746673832,0.0196078431372549,0.0,0.10784313725490197,0.8725490196078431,102,2
163,<class 'sklearn.covariance._elliptic_envelope.EllipticEnvelope'>,Escherichia,0.22965519058030187,0.8919072513434483,0.11665142926393078,0.07370717345035277,0.09033526205162619,0.023696682464454975,0.02843601895734597,0.07582938388625593,0.8720379146919431,211,11
169,<class 'sklearn.covariance._elliptic_envelope.EllipticEnvelope'>,Helicobacter,0.03122345973455338,0.88533097251156,0.0069405316935464995,0.0026369457977027657,0.003821842630242101,0.004866180048661801,0.021897810218978103,0.0948905109489051,0.878345498783455,411,11
152,<class 'sklearn.covariance._elliptic_envelope.EllipticEnvelope'>,Bifidobacterium,0.08726858216478783,0.8838812942987014,0.04260093205262327,0.016512001215638228,0.02379941589594289,0.009708737864077669,0.019417475728155338,0.0970873786407767,0.8737864077669902,103,3
164,<class 'sklearn.covariance._elliptic_envelope.EllipticEnvelope'>,Eubacterium,-0.030688622754491017,0.8838403212710657,0.021183606185823278,0.006373772059346194,0.009799152591525005,0.0,0.0196078431372549,0.09803921568627451,0.8823529411764706,51,1
165,<class 'sklearn.covariance._elliptic_envelope.EllipticEnvelope'>,Fischerella,-0.030688622754491017,0.8838403212710657,0.021183606185823278,0.006373772059346194,0.009799152591525005,0.0,0.0196078431372549,0.09803921568627451,0.8823529411764706,51,1
144,<class 'sklearn.covariance._elliptic_envelope.EllipticEnvelope'>,Aeropyrum,-0.030688622754491017,0.8838403212710657,0.021183606185823278,0.006373772059346194,0.009799152591525005,0.0,0.0196078431372549,0.09803921568627451,0.8823529411764706,51,1
173,<class 'sklearn.covariance._elliptic_envelope.EllipticEnvelope'>,Methylococcus,-0.030688622754491017,0.8838403212710657,0.021183606185823278,0.006373772059346194,0.009799152591525005,0.0,0.0196078431372549,0.09803921568627451,0.8823529411764706,51,1
180,<class 'sklearn.covariance._elliptic_envelope.EllipticEnvelope'>,Rhodobacter,-0.030688622754491017,0.8838403212710657,0.021183606185823278,0.006373772059346194,0.009799152591525005,0.0,0.0196078431372549,0.09803921568627451,0.8823529411764706,51,1
149,<class 'sklearn.covariance._elliptic_envelope.EllipticEnvelope'>,Arthrospira,-0.030688622754491017,0.8838403212710657,0.021183606185823278,0.006373772059346194,0.009799152591525005,0.0,0.0196078431372549,0.09803921568627451,0.8823529411764706,51,1
186,<class 'sklearn.covariance._elliptic_envelope.EllipticEnvelope'>,Sulfolobus,-0.030688622754491017,0.8838403212710657,0.021183606185823278,0.006373772059346194,0.009799152591525005,0.0,0.0196078431372549,0.09803921568627451,0.8823529411764706,51,1
187,<class 'sklearn.covariance._elliptic_envelope.EllipticEnvelope'>,Thermococcus,-0.030688622754491017,0.8838403212710657,0.021183606185823278,0.006373772059346194,0.009799152591525005,0.0,0.0196078431372549,0.09803921568627451,0.8823529411764706,51,1
146,<class 'sklearn.covariance._elliptic_envelope.EllipticEnvelope'>,Agrobacterium,-0.030688622754491017,0.8838403212710657,0.021183606185823278,0.006373772059346194,0.009799152591525005,0.0,0.0196078431372549,0.09803921568627451,0.8823529411764706,51,1
145,<class 'sklearn.covariance._elliptic_envelope.EllipticEnvelope'>,Agmenellum,-0.030688622754491017,0.8838403212710657,0.021183606185823278,0.006373772059346194,0.009799152591525005,0.0,0.0196078431372549,0.09803921568627451,0.8823529411764706,51,1
0,<class 'sklearn.cluster._dbscan.DBSCAN'>,Aeropyrum,-0.030688622754491017,0.8838403212710657,0.021183606185823278,0.006373772059346194,0.009799152591525005,0.0,0.0196078431372549,0.09803921568627451,0.8823529411764706,51,1
2,<class 'sklearn.cluster._dbscan.DBSCAN'>,Agrobacterium,-0.030688622754491017,0.8838403212710657,0.021183606185823278,0.006373772059346194,0.009799152591525005,0.0,0.0196078431372549,0.09803921568627451,0.8823529411764706,51,1
42,<class 'sklearn.cluster._dbscan.DBSCAN'>,Sulfolobus,-0.030688622754491017,0.8838403212710657,0.021183606185823278,0.006373772059346194,0.009799152591525005,0.0,0.0196078431372549,0.09803921568627451,0.8823529411764706,51,1
29,<class 'sklearn.cluster._dbscan.DBSCAN'>,Methylococcus,0.19123693175143897,0.8829621891004893,0.4167331755524075,0.1005590683364424,0.16202175993746998,0.0196078431372549,0.0,0.11764705882352941,0.8627450980392157,51,1
166,<class 'sklearn.covariance._elliptic_envelope.EllipticEnvelope'>,Flavobacterium,0.17456966547580383,0.8813737573513271,0.11279267219407388,0.051416315273686154,0.07063418005948861,0.019230769230769232,0.019230769230769232,0.09615384615384616,0.8653846153846154,52,2
151,<class 'sklearn.covariance._elliptic_envelope.EllipticEnvelope'>,Bacteroides,0.17456966547580383,0.8813737573513271,0.11279267219407388,0.051416315273686154,0.07063418005948861,0.019230769230769232,0.019230769230769232,0.09615384615384616,0.8653846153846154,52,2
175,<class 'sklearn.covariance._elliptic_envelope.EllipticEnvelope'>,Mycoplasma,0.17456966547580383,0.8813737573513271,0.11279267219407388,0.051416315273686154,0.07063418005948861,0.019230769230769232,0.019230769230769232,0.09615384615384616,0.8653846153846154,52,2
89,<class 'sklearn.ensemble._iforest.IsolationForest'>,Streptomyces,0.3388125619064266,0.8812978148751368,0.48193642528585223,0.20035341199468845,0.2830398516718391,0.044585987261146494,0.0,0.11464968152866242,0.8407643312101911,157,7
154,<class 'sklearn.covariance._elliptic_envelope.EllipticEnvelope'>,Chlorella,0.2932460797629337,0.8792900662596095,0.1490920873335172,0.11285679282532533,0.12846823244207764,0.037037037037037035,0.037037037037037035,0.07407407407407407,0.8518518518518519,54,4
178,<class 'sklearn.covariance._elliptic_envelope.EllipticEnvelope'>,Pseudomonas,0.2932460797629337,0.8792900662596095,0.1490920873335172,0.11285679282532533,0.12846823244207764,0.037037037037037035,0.037037037037037035,0.07407407407407407,0.8518518518518519,54,4
33,<class 'sklearn.cluster._dbscan.DBSCAN'>,Nocardia,0.23679316557215088,0.8739903106280192,0.43076452853860614,0.13135726706192516,0.2013230999363743,0.02912621359223301,0.0,0.1262135922330097,0.8446601941747572,103,3
157,<class 'sklearn.covariance._elliptic_envelope.EllipticEnvelope'>,Clostridium,-0.0375148760584774,0.8734940058566528,0.023985218397299682,0.0086615974396757,0.012727140514868713,0.0,0.025974025974025976,0.1038961038961039,0.8701298701298701,154,4
148,<class 'sklearn.covariance._elliptic_envelope.EllipticEnvelope'>,Arthrobacter,-0.0375148760584774,0.8734940058566528,0.023985218397299682,0.0086615974396757,0.012727140514868713,0.0,0.025974025974025976,0.1038961038961039,0.8701298701298701,154,4
21,<class 'sklearn.cluster._dbscan.DBSCAN'>,Fischerella,-0.030708661417322834,0.8661085232276111,0.025698893821255796,0.006847325363367009,0.010813464167653667,0.0,0.0196078431372549,0.11764705882352941,0.8627450980392157,51,1
31,<class 'sklearn.cluster._dbscan.DBSCAN'>,Mycoplasma,-0.051559628408146825,0.865518723145527,0.02434732630227051,0.012538942970179568,0.0165530286473585,0.0,0.038461538461538464,0.09615384615384616,0.8653846153846154,52,2
168,<class 'sklearn.covariance._elliptic_envelope.EllipticEnvelope'>,Haemophilus,0.1739504446008219,0.864681921296602,0.059562030222914765,0.04683585498894389,0.0524378582302237,0.024691358024691357,0.04938271604938271,0.08024691358024691,0.845679012345679,162,12
32,<class 'sklearn.cluster._dbscan.DBSCAN'>,Neisseria,0.33276342945037823,0.8640547316471278,0.3739551817689216,0.17615931118108788,0.2394980974951266,0.018656716417910446,0.048507462686567165,0.10820895522388059,0.8246268656716418,268,18
46,<class 'sklearn.cluster._dbscan.DBSCAN'>,Thermus,0.22639408707376582,0.8565012520046696,0.41327638145856493,0.13007690092967075,0.19787387937098252,0.033816425120772944,0.0,0.14492753623188406,0.821256038647343,207,7
47,<class 'sklearn.cluster._dbscan.DBSCAN'>,Xanthomonas,0.17093873162247514,0.8546222800433261,0.1442379221710897,0.047407662112418654,0.07136071205239647,0.019230769230769232,0.019230769230769232,0.11057692307692307,0.8509615384615384,208,8
176,<class 'sklearn.covariance._elliptic_envelope.EllipticEnvelope'>,Neisseria,0.046867535972434954,0.852968337137084,0.006057118901998522,0.004565110344215214,0.005206330143083896,0.011194029850746268,0.055970149253731345,0.08955223880597014,0.8432835820895522,268,18
64,<class 'sklearn.ensemble._iforest.IsolationForest'>,Desulfovibrio,0.13708004371227042,0.8497841987262109,0.36214622269948704,0.07500088265183213,0.12426611554323326,0.0196078431372549,0.0,0.1568627450980392,0.8235294117647058,102,2
71,<class 'sklearn.ensemble._iforest.IsolationForest'>,Frankia,0.1364441819255759,0.8480813153836058,0.3621462226994919,0.07500088265183384,0.12426611554323588,0.0196078431372549,0.0,0.1568627450980392,0.8235294117647058,51,1
94,<class 'sklearn.ensemble._iforest.IsolationForest'>,Thermus,0.20280369145784508,0.8437679845974804,0.3935827635514321,0.11847824861351697,0.18213062663329851,0.033816425120772944,0.0,0.15942028985507245,0.8067632850241546,207,7
87,<class 'sklearn.ensemble._iforest.IsolationForest'>,Sphaerotilus,0.29607682876992236,0.8410424841027447,0.4409083931315069,0.18779692915150345,0.2634023900626311,0.05660377358490566,0.0,0.1509433962264151,0.7924528301886793,53,3
184,<class 'sklearn.covariance._elliptic_envelope.EllipticEnvelope'>,Streptococcus,-0.06795582871133764,0.8401412990524931,0.029137437566274186,0.020954926639213358,0.02437788179257259,0.0,0.0625,0.1,0.8375,320,20
13,<class 'sklearn.cluster._dbscan.DBSCAN'>,Clostridium,0.02456661365704707,0.8393118154917149,0.027731408379997338,0.00650699604084759,0.01054068772117841,0.006493506493506494,0.01948051948051948,0.09740259740259741,0.8766233766233766,154,4
30,<class 'sklearn.cluster._dbscan.DBSCAN'>,Moraxella,0.3464974982130093,0.8378265945976596,0.4643192810794364,0.23145747414196582,0.30892140959742714,0.07407407407407407,0.0,0.14814814814814814,0.7777777777777778,54,4
12,<class 'sklearn.cluster._dbscan.DBSCAN'>,Citrobacter,0.34154883901932803,0.8364354502155553,0.28480758549359114,0.17338579363136494,0.2155491174374741,0.07272727272727272,0.01818181818181818,0.12727272727272726,0.7818181818181819,55,5
66,<class 'sklearn.ensemble._iforest.IsolationForest'>,Enterobacter,0.38578311662596526,0.8348210990982834,0.48304223678623703,0.2690894500871971,0.3456351384583295,0.09090909090909091,0.0,0.14545454545454545,0.7636363636363637,55,5
95,<class 'sklearn.ensemble._iforest.IsolationForest'>,Xanthomonas,0.12785810967126673,0.8311188714658863,0.11877847476360277,0.040726967988748385,0.06065607613102346,0.02403846153846154,0.014423076923076924,0.15865384615384615,0.8028846153846154,208,8
61,<class 'sklearn.ensemble._iforest.IsolationForest'>,Clostridium,0.01487223468218581,0.8230951072087648,0.003888622570811556,0.0010090010140041822,0.0016022562980107125,0.006493506493506494,0.01948051948051948,0.16883116883116883,0.8051948051948052,154,4
19,<class 'sklearn.cluster._dbscan.DBSCAN'>,Escherichia,0.1969659402268887,0.8197618130521077,0.2281864189623399,0.09014948145263033,0.12924013482093719,0.04265402843601896,0.009478672985781991,0.17061611374407584,0.7772511848341233,211,11
9,<class 'sklearn.cluster._dbscan.DBSCAN'>,Brevibacterium,0.09987085665088248,0.8157229223856225,0.3191738423312118,0.05907845268009641,0.09970221986531673,0.0196078431372549,0.0,0.19607843137254902,0.7843137254901961,51,1
84,<class 'sklearn.ensemble._iforest.IsolationForest'>,Rhodobacter,0.09987085665088248,0.8157229223856225,0.3191738423312118,0.05907845268009641,0.09970221986531673,0.0196078431372549,0.0,0.19607843137254902,0.7843137254901961,51,1
147,<class 'sklearn.covariance._elliptic_envelope.EllipticEnvelope'>,Anabaena,-0.07976293369551797,0.8152190738955344,0.034412660271568175,0.026049018028360408,0.02965236933619754,0.0,0.07407407407407407,0.1111111111111111,0.8148148148148148,54,4
80,<class 'sklearn.ensemble._iforest.IsolationForest'>,Neisseria,0.12122421574743404,0.8117493349182685,0.05585511714572471,0.029261402558156825,0.03840380394828397,0.029850746268656716,0.03731343283582089,0.14925373134328357,0.7835820895522388,268,18
171,<class 'sklearn.covariance._elliptic_envelope.EllipticEnvelope'>,Lactococcus,-0.08304049420258265,0.8112639652899177,0.03305265142814905,0.03097372536331339,0.03197943719974265,0.0,0.09090909090909091,0.1,0.8090909090909091,110,10
34,<class 'sklearn.cluster._dbscan.DBSCAN'>,Pseudomonas,0.0540378120455283,0.8103713442361439,0.010841514979421834,0.006824404695589074,0.00837622802480222,0.018518518518518517,0.05555555555555555,0.12962962962962962,0.7962962962962963,54,4
52,<class 'sklearn.ensemble._iforest.IsolationForest'>,Arthrobacter,0.08011448916192537,0.8021309786996907,0.13679199290838914,0.030743757619945508,0.050204208487591565,0.01948051948051948,0.006493506493506494,0.2077922077922078,0.7662337662337663,154,4
48,<class 'sklearn.ensemble._iforest.IsolationForest'>,Aeropyrum,-0.02841429880843263,0.8014526153676969,0.04483591126959422,0.008743003913873719,0.014632642201502092,0.0,0.0196078431372549,0.19607843137254902,0.7843137254901961,51,1
50,<class 'sklearn.ensemble._iforest.IsolationForest'>,Agrobacterium,-0.02841429880843263,0.8014526153676969,0.04483591126959422,0.008743003913873719,0.014632642201502092,0.0,0.0196078431372549,0.19607843137254902,0.7843137254901961,51,1
56,<class 'sklearn.ensemble._iforest.IsolationForest'>,Bifidobacterium,0.02372875628652473,0.8012931037831442,0.010420898032865838,0.0027135415173292344,0.004305861601778969,0.009708737864077669,0.019417475728155338,0.1941747572815534,0.7766990291262136,103,3
150,<class 'sklearn.covariance._elliptic_envelope.EllipticEnvelope'>,Bacillus,-0.07093878307065,0.801070215347033,0.018386741113376043,0.01886805870805866,0.018624290692199716,0.0019880715705765406,0.10337972166998012,0.09940357852882704,0.7952286282306164,503,53
172,<class 'sklearn.covariance._elliptic_envelope.EllipticEnvelope'>,Methanocaldococcus,-0.08761576175776285,0.8006263333730135,0.03624737285782633,0.032042727608605194,0.03401560949765492,0.0,0.09090909090909091,0.10909090909090909,0.8,55,5
65,<class 'sklearn.ensemble._iforest.IsolationForest'>,Diplococcus,0.08579809337570277,0.8005864881025361,0.3006782061690191,0.0531862715976349,0.09038461751077799,0.0196078431372549,0.0,0.21568627450980393,0.7647058823529411,51,1
81,<class 'sklearn.ensemble._iforest.IsolationForest'>,Nocardia,0.12098542150855694,0.8003026382300061,0.32372684896302184,0.07692640594417868,0.12431269529622226,0.02912621359223301,0.0,0.21359223300970873,0.7572815533980582,103,3
74,<class 'sklearn.ensemble._iforest.IsolationForest'>,Klebsiella,0.08023958627636445,0.7956983826217061,0.2920260886363456,0.05060849648510717,0.08626683891279346,0.0196078431372549,0.0,0.22549019607843138,0.7549019607843137,102,2
73,<class 'sklearn.ensemble._iforest.IsolationForest'>,Helicobacter,0.06059376782764756,0.7940162847869536,0.08232415604556122,0.01867521494028332,0.03044417591756598,0.0170316301703163,0.009732360097323601,0.21654501216545013,0.7566909975669099,411,11
88,<class 'sklearn.ensemble._iforest.IsolationForest'>,Streptococcus,-0.011085078575754678,0.789358552311356,0.0006406231897509887,0.0003229756711651648,0.0004294436472809363,0.009375,0.053125,0.165625,0.771875,320,20
91,<class 'sklearn.ensemble._iforest.IsolationForest'>,Thermococcus,-0.02746448557899268,0.7870490257199462,0.04991572095310864,0.009239302120694964,0.015592468821546548,0.0,0.0196078431372549,0.21568627450980393,0.7647058823529411,51,1
69,<class 'sklearn.ensemble._iforest.IsolationForest'>,Fischerella,-0.02746448557899268,0.7870490257199462,0.04991572095310864,0.009239302120694964,0.015592468821546548,0.0,0.0196078431372549,0.21568627450980393,0.7647058823529411,51,1
62,<class 'sklearn.ensemble._iforest.IsolationForest'>,Corynebacterium,0.07373486494877367,0.7861995275653009,0.28372762067795226,0.04823735533003574,0.08245610859417078,0.0196078431372549,0.0,0.23529411764705882,0.7450980392156863,51,1
92,<class 'sklearn.ensemble._iforest.IsolationForest'>,Thermoplasma,0.07373486494877367,0.7861995275653009,0.28372762067795226,0.04823735533003574,0.08245610859417078,0.0196078431372549,0.0,0.23529411764705882,0.7450980392156863,51,1
15,<class 'sklearn.cluster._dbscan.DBSCAN'>,Deinococcus,0.07373486494877367,0.7861995275653009,0.28372762067795226,0.04823735533003574,0.08245610859417078,0.0196078431372549,0.0,0.23529411764705882,0.7450980392156863,51,1
1,<class 'sklearn.cluster._dbscan.DBSCAN'>,Agmenellum,0.07373486494877367,0.7861995275653009,0.28372762067795226,0.04823735533003574,0.08245610859417078,0.0196078431372549,0.0,0.23529411764705882,0.7450980392156863,51,1
3,<class 'sklearn.cluster._dbscan.DBSCAN'>,Anabaena,-0.08355668802057667,0.7823973604005919,0.04689086501750941,0.02951637663307366,0.036228200432540124,0.0,0.07407407407407407,0.14814814814814814,0.7777777777777778,54,4
82,<class 'sklearn.ensemble._iforest.IsolationForest'>,Pseudomonas,0.10498570407433881,0.7741704957902397,0.05690690909825109,0.028367397129162614,0.03786136671644444,0.037037037037037035,0.037037037037037035,0.18518518518518517,0.7407407407407407,54,4
67,<class 'sklearn.ensemble._iforest.IsolationForest'>,Escherichia,0.11304592376425374,0.7740582483047485,0.1288418096569317,0.04597832179452089,0.06777171640143613,0.037914691943127965,0.014218009478672985,0.22274881516587677,0.7251184834123223,211,11
86,<class 'sklearn.ensemble._iforest.IsolationForest'>,Shewanella,0.06328078524687686,0.7726039985050023,0.2680836160455999,0.04402378816165864,0.07562817263101922,0.0196078431372549,0.0,0.2549019607843137,0.7254901960784313,51,1
27,<class 'sklearn.cluster._dbscan.DBSCAN'>,Lactococcus,-0.09077367563406612,0.7708547611282796,0.049380025491908175,0.03627052046444513,0.041822015379838304,0.0,0.09090909090909091,0.14545454545454545,0.7636363636363637,110,10
78,<class 'sklearn.ensemble._iforest.IsolationForest'>,Moraxella,0.2100919119257695,0.769968145802792,0.3689963040399926,0.16033451633750725,0.22353825494758517,0.07407407407407407,0.0,0.2222222222222222,0.7037037037037037,54,4
83,<class 'sklearn.ensemble._iforest.IsolationForest'>,Pyrococcus,0.05006027918781726,0.7659779565197902,0.077300130161576,0.017398796993471667,0.028404319091137862,0.019417475728155338,0.009708737864077669,0.2524271844660194,0.7184466019417476,103,3
40,<class 'sklearn.cluster._dbscan.DBSCAN'>,Streptococcus,-0.038263335062352764,0.7645780095443745,0.01304072847887799,0.005385452344638831,0.00762287339248717,0.00625,0.05625,0.1625,0.775,320,20
28,<class 'sklearn.cluster._dbscan.DBSCAN'>,Methanocaldococcus,0.004530386740331491,0.7624363825389481,0.00035665563765597906,0.0002291524422482721,0.00027902827978692514,0.01818181818181818,0.07272727272727272,0.16363636363636364,0.7454545454545455,55,5
85,<class 'sklearn.ensemble._iforest.IsolationForest'>,Salmonella,0.10580128146444269,0.7624102503476757,0.2968910662370311,0.07944548305504825,0.12534872956824278,0.038461538461538464,0.0,0.25961538461538464,0.7019230769230769,104,4
68,<class 'sklearn.ensemble._iforest.IsolationForest'>,Eubacterium,-0.025225085377212048,0.7606403751737113,0.06047303865436228,0.010281196615568478,0.017574501313579943,0.0,0.0196078431372549,0.2549019607843137,0.7254901960784313,51,1
90,<class 'sklearn.ensemble._iforest.IsolationForest'>,Sulfolobus,-0.025225085377212048,0.7606403751737113,0.06047303865436228,0.010281196615568478,0.017574501313579943,0.0,0.0196078431372549,0.2549019607843137,0.7254901960784313,51,1
77,<class 'sklearn.ensemble._iforest.IsolationForest'>,Methylococcus,0.05413533834586466,0.759842446970217,0.253559020576412,0.04039422015840193,0.06968672211069328,0.0196078431372549,0.0,0.27450980392156865,0.7058823529411765,51,1
63,<class 'sklearn.ensemble._iforest.IsolationForest'>,Deinococcus,0.05413533834586466,0.759842446970217,0.253559020576412,0.04039422015840193,0.06968672211069328,0.0196078431372549,0.0,0.27450980392156865,0.7058823529411765,51,1
53,<class 'sklearn.ensemble._iforest.IsolationForest'>,Arthrospira,0.05413533834586466,0.759842446970217,0.253559020576412,0.04039422015840193,0.06968672211069328,0.0196078431372549,0.0,0.27450980392156865,0.7058823529411765,51,1
35,<class 'sklearn.cluster._dbscan.DBSCAN'>,Pyrococcus,0.0943216257303731,0.7585853626102242,0.34342867841968117,0.061286486377227355,0.10401160545629132,0.02912621359223301,0.0,0.1941747572815534,0.7766990291262136,103,3
93,<class 'sklearn.ensemble._iforest.IsolationForest'>,Thermotoga,0.05070743824991941,0.7567297662975718,0.24666855967775259,0.0387620393197061,0.06699615558211014,0.0196078431372549,0.0,0.28431372549019607,0.696078431372549,102,2
58,<class 'sklearn.ensemble._iforest.IsolationForest'>,Chlorella,0.14236704953701362,0.7564898273245104,0.14742774455400898,0.0658866198057096,0.09107230807826015,0.05555555555555555,0.018518518518518517,0.2222222222222222,0.7037037037037037,54,4
45,<class 'sklearn.cluster._dbscan.DBSCAN'>,Thermotoga,0.06109972331032261,0.7555977566648331,0.3006782061690181,0.039877695276661886,0.07041636237129739,0.0196078431372549,0.0,0.21568627450980393,0.7647058823529411,102,2
60,<class 'sklearn.ensemble._iforest.IsolationForest'>,Citrobacter,0.13434190297232662,0.754218741095829,0.08890556453433503,0.04774385233393644,0.06212531662516183,0.05454545454545454,0.03636363636363636,0.2,0.7090909090909091,55,5
79,<class 'sklearn.ensemble._iforest.IsolationForest'>,Mycoplasma,0.03581035274564262,0.754080046578137,0.029544615604291842,0.008268728928824626,0.012921174826218271,0.019230769230769232,0.019230769230769232,0.25,0.7115384615384616,52,2
14,<class 'sklearn.cluster._dbscan.DBSCAN'>,Corynebacterium,0.07004239771121298,0.7538147272186949,0.36214622269949165,0.04559099561789445,0.08098650851773632,0.0196078431372549,0.0,0.1568627450980392,0.8235294117647058,51,1
55,<class 'sklearn.ensemble._iforest.IsolationForest'>,Bacteroides,0.09696150419367723,0.7529416662666737,0.28888050924787845,0.07629805923268018,0.12071366782267709,0.038461538461538464,0.0,0.2692307692307692,0.6923076923076923,52,2
24,<class 'sklearn.cluster._dbscan.DBSCAN'>,Haemophilus,0.21754285051626585,0.7511952582087417,0.5351957592312341,0.14065369278888057,0.2227633970133967,0.006172839506172839,0.06790123456790123,0.12962962962962962,0.7962962962962963,162,12
59,<class 'sklearn.ensemble._iforest.IsolationForest'>,Chlorobium,0.04680084026990072,0.7509822139600585,0.2400042216585749,0.03723589815953174,0.0644695490782479,0.0196078431372549,0.0,0.29411764705882354,0.6862745098039216,102,2
57,<class 'sklearn.ensemble._iforest.IsolationForest'>,Brevibacterium,0.04606858330446831,0.7479575920067657,0.24000422165857632,0.03723589815953225,0.06446954907824871,0.0196078431372549,0.0,0.29411764705882354,0.6862745098039216,51,1
49,<class 'sklearn.ensemble._iforest.IsolationForest'>,Agmenellum,0.04606858330446831,0.7479575920067657,0.24000422165857632,0.03723589815953225,0.06446954907824871,0.0196078431372549,0.0,0.29411764705882354,0.6862745098039216,51,1
72,<class 'sklearn.ensemble._iforest.IsolationForest'>,Haemophilus,0.07038674973824378,0.7442344950234472,0.03808245714960523,0.01737757850957408,0.023865144733105585,0.037037037037037035,0.037037037037037035,0.22839506172839505,0.6975308641975309,162,12
70,<class 'sklearn.ensemble._iforest.IsolationForest'>,Flavobacterium,0.070506454816286,0.7289370647927045,0.25931245665128994,0.06553780646242785,0.10463140423167659,0.038461538461538464,0.0,0.3076923076923077,0.6538461538461539,52,2
25,<class 'sklearn.cluster._dbscan.DBSCAN'>,Helicobacter,0.042669243452844154,0.7183202258054832,0.12462384233030616,0.013815251466313416,0.024873172357235053,0.012165450121654502,0.014598540145985401,0.12408759124087591,0.8491484184914841,411,11
54,<class 'sklearn.ensemble._iforest.IsolationForest'>,Bacillus,-0.04882600349904066,0.7104005841959085,0.015168234049677185,0.009500211815283316,0.011683057548461951,0.011928429423459244,0.09343936381709742,0.21669980119284293,0.6779324055666004,503,53
4,<class 'sklearn.cluster._dbscan.DBSCAN'>,Arthrobacter,0.07272002669111087,0.7090961329680366,0.3344797952096191,0.04679808577309396,0.082108167960031,0.01948051948051948,0.006493506493506494,0.08441558441558442,0.8896103896103896,154,4
76,<class 'sklearn.ensemble._iforest.IsolationForest'>,Methanocaldococcus,-0.024203536043730784,0.7070800697773397,0.0026982932588702903,0.0014490309530108968,0.001885509910801112,0.01818181818181818,0.07272727272727272,0.23636363636363636,0.6727272727272727,55,5
36,<class 'sklearn.cluster._dbscan.DBSCAN'>,Rhodobacter,0.050876132930513594,0.7051428571428571,0.3621462226994948,0.040312470743262524,0.07254910501483737,0.0196078431372549,0.0,0.1568627450980392,0.8235294117647058,51,1
6,<class 'sklearn.cluster._dbscan.DBSCAN'>,Bacillus,-0.0673476038055237,0.700948142095668,0.028370843093581108,0.012689701053894588,0.017535935043209952,0.009940357852882704,0.09542743538767395,0.1411530815109344,0.7534791252485089,503,53
112,<class 'sklearn.svm._classes.OneClassSVM'>,Desulfovibrio,0.002346893026870311,0.6907959838293899,0.14696457212882502,0.020467994981116955,0.035931720771617735,0.0196078431372549,0.0,0.47058823529411764,0.5098039215686274,102,2
141,<class 'sklearn.svm._classes.OneClassSVM'>,Thermotoga,0.0007771398966099176,0.6900871053637038,0.1428594048435671,0.0198907433795962,0.03491953515407994,0.0196078431372549,0.0,0.4803921568627451,0.5,102,2
107,<class 'sklearn.svm._classes.OneClassSVM'>,Chlorobium,0.0007771398966099176,0.6900871053637038,0.1428594048435671,0.0198907433795962,0.03491953515407994,0.0196078431372549,0.0,0.4803921568627451,0.5,102,2
122,<class 'sklearn.svm._classes.OneClassSVM'>,Klebsiella,0.0007771398966099176,0.6900871053637038,0.1428594048435671,0.0198907433795962,0.03491953515407994,0.0196078431372549,0.0,0.4803921568627451,0.5,102,2
121,<class 'sklearn.svm._classes.OneClassSVM'>,Helicobacter,0.003399142118262776,0.6888127538500617,0.15506812783764654,0.02758679361751137,0.04684059323702636,0.0267639902676399,0.0,0.46958637469586373,0.5036496350364964,411,11
75,<class 'sklearn.ensemble._iforest.IsolationForest'>,Lactococcus,-0.0793861601228408,0.6879865893750301,0.09655966004798348,0.05099553226412813,0.06674263619235588,0.0,0.09090909090909091,0.2636363636363636,0.6454545454545455,110,10
100,<class 'sklearn.svm._classes.OneClassSVM'>,Arthrobacter,0.00340642743958801,0.6879162727700022,0.15523438183024274,0.026980118808811848,0.04597045844654071,0.025974025974025976,0.0,0.4675324675324675,0.5064935064935064,154,4
113,<class 'sklearn.svm._classes.OneClassSVM'>,Diplococcus,0.0015709969788519637,0.6868571428571428,0.1469645721288326,0.020467994981118183,0.03593172077161986,0.0196078431372549,0.0,0.47058823529411764,0.5098039215686274,51,1
110,<class 'sklearn.svm._classes.OneClassSVM'>,Corynebacterium,0.0015709969788519637,0.6868571428571428,0.1469645721288326,0.020467994981118183,0.03593172077161986,0.0196078431372549,0.0,0.47058823529411764,0.5098039215686274,51,1
138,<class 'sklearn.svm._classes.OneClassSVM'>,Sulfolobus,0.0015709969788519637,0.6868571428571428,0.1469645721288326,0.020467994981118183,0.03593172077161986,0.0,0.0196078431372549,0.5098039215686274,0.47058823529411764,51,1
116,<class 'sklearn.svm._classes.OneClassSVM'>,Eubacterium,0.0015709969788519637,0.6868571428571428,0.1469645721288326,0.020467994981118183,0.03593172077161986,0.0196078431372549,0.0,0.47058823529411764,0.5098039215686274,51,1
117,<class 'sklearn.svm._classes.OneClassSVM'>,Fischerella,0.0015709969788519637,0.6868571428571428,0.1469645721288326,0.020467994981118183,0.03593172077161986,0.0,0.0196078431372549,0.5098039215686274,0.47058823529411764,51,1
98,<class 'sklearn.svm._classes.OneClassSVM'>,Agrobacterium,0.0015709969788519637,0.6868571428571428,0.1469645721288326,0.020467994981118183,0.03593172077161986,0.0196078431372549,0.0,0.47058823529411764,0.5098039215686274,51,1
97,<class 'sklearn.svm._classes.OneClassSVM'>,Agmenellum,0.0015709969788519637,0.6868571428571428,0.1469645721288326,0.020467994981118183,0.03593172077161986,0.0196078431372549,0.0,0.47058823529411764,0.5098039215686274,51,1
11,<class 'sklearn.cluster._dbscan.DBSCAN'>,Chlorobium,0.05421772071724674,0.6867652688645912,0.3798733828471206,0.0334947982946263,0.06156149852084809,0.0,0.0196078431372549,0.08823529411764706,0.8921568627450981,102,2
109,<class 'sklearn.svm._classes.OneClassSVM'>,Clostridium,-0.000661859361504274,0.6863679169389767,0.0,0.0,0.0,0.012987012987012988,0.012987012987012988,0.487012987012987,0.487012987012987,154,4
139,<class 'sklearn.svm._classes.OneClassSVM'>,Thermococcus,-0.004362843119432831,0.6857608019462199,0.13101934947788751,0.01828789011963489,0.03209579754145304,0.0,0.0196078431372549,0.47058823529411764,0.5098039215686274,51,1
125,<class 'sklearn.svm._classes.OneClassSVM'>,Methylococcus,-0.004362843119432831,0.6857608019462199,0.13101934947788751,0.01828789011963489,0.03209579754145304,0.0196078431372549,0.0,0.5098039215686274,0.47058823529411764,51,1
96,<class 'sklearn.svm._classes.OneClassSVM'>,Aeropyrum,-0.0015105740181268882,0.6857142857142857,0.1388355548458186,0.019335853523214326,0.033944237836583804,0.0196078431372549,0.0,0.49019607843137253,0.49019607843137253,51,1
119,<class 'sklearn.svm._classes.OneClassSVM'>,Frankia,-0.0015105740181268882,0.6857142857142857,0.1388355548458186,0.019335853523214326,0.033944237836583804,0.0196078431372549,0.0,0.49019607843137253,0.49019607843137253,51,1
134,<class 'sklearn.svm._classes.OneClassSVM'>,Shewanella,-0.0015105740181268882,0.6857142857142857,0.1388355548458186,0.019335853523214326,0.033944237836583804,0.0196078431372549,0.0,0.49019607843137253,0.49019607843137253,51,1
111,<class 'sklearn.svm._classes.OneClassSVM'>,Deinococcus,-0.0015105740181268882,0.6857142857142857,0.1388355548458186,0.019335853523214326,0.033944237836583804,0.0196078431372549,0.0,0.49019607843137253,0.49019607843137253,51,1
132,<class 'sklearn.svm._classes.OneClassSVM'>,Rhodobacter,-0.0015105740181268882,0.6857142857142857,0.1388355548458186,0.019335853523214326,0.033944237836583804,0.0196078431372549,0.0,0.49019607843137253,0.49019607843137253,51,1
101,<class 'sklearn.svm._classes.OneClassSVM'>,Arthrospira,-0.0015105740181268882,0.6857142857142857,0.1388355548458186,0.019335853523214326,0.033944237836583804,0.0196078431372549,0.0,0.49019607843137253,0.49019607843137253,51,1
105,<class 'sklearn.svm._classes.OneClassSVM'>,Brevibacterium,-0.0015105740181268882,0.6857142857142857,0.1388355548458186,0.019335853523214326,0.033944237836583804,0.0196078431372549,0.0,0.49019607843137253,0.49019607843137253,51,1
140,<class 'sklearn.svm._classes.OneClassSVM'>,Thermoplasma,-0.0015105740181268882,0.6857142857142857,0.1388355548458186,0.019335853523214326,0.033944237836583804,0.0196078431372549,0.0,0.49019607843137253,0.49019607843137253,51,1
131,<class 'sklearn.svm._classes.OneClassSVM'>,Pyrococcus,0.0034303808602339694,0.6845431301679872,0.1588448730374049,0.030181109605696983,0.050724397317342976,0.02912621359223301,0.0,0.46601941747572817,0.5048543689320388,103,3
129,<class 'sklearn.svm._classes.OneClassSVM'>,Nocardia,0.0011654499076435923,0.683707302170224,0.15441999878924076,0.02934036723786607,0.049311389297938386,0.02912621359223301,0.0,0.47572815533980584,0.49514563106796117,103,3
142,<class 'sklearn.svm._classes.OneClassSVM'>,Thermus,0.004599311186362356,0.683537738771191,0.16377881383959197,0.0349156023676983,0.057560107117561383,0.033816425120772944,0.0,0.463768115942029,0.5024154589371981,207,7
104,<class 'sklearn.svm._classes.OneClassSVM'>,Bifidobacterium,-0.0017694075008898812,0.6828875858648081,0.010778707465936704,0.0020491088950688858,0.0034435705538997754,0.019417475728155338,0.009708737864077669,0.49514563106796117,0.47572815533980584,103,3
51,<class 'sklearn.ensemble._iforest.IsolationForest'>,Anabaena,-0.06574900771919986,0.6825395047309912,0.10323245263598924,0.04485607357718154,0.06253830204680641,0.0,0.07407407407407407,0.2962962962962963,0.6296296296296297,54,4
143,<class 'sklearn.svm._classes.OneClassSVM'>,Xanthomonas,0.005206247496996396,0.6806031838197856,0.1682513330031776,0.03957160000461275,0.064073529840858,0.038461538461538464,0.0,0.46153846153846156,0.5,208,8
133,<class 'sklearn.svm._classes.OneClassSVM'>,Salmonella,0.0044874007594062825,0.6785513179854324,0.16825133300318107,0.039571600004613385,0.0640735298408591,0.038461538461538464,0.0,0.46153846153846156,0.5,104,4
103,<class 'sklearn.svm._classes.OneClassSVM'>,Bacteroides,0.0091950932616367,0.6772042036654343,0.17788766669657974,0.041882705225973815,0.06780183008667459,0.038461538461538464,0.0,0.4423076923076923,0.5192307692307693,52,2
137,<class 'sklearn.svm._classes.OneClassSVM'>,Streptomyces,0.008011308134240632,0.6769438137158869,0.1769166546221436,0.04651936403254008,0.07366807114931687,0.044585987261146494,0.0,0.45222929936305734,0.5031847133757962,157,7
8,<class 'sklearn.cluster._dbscan.DBSCAN'>,Bifidobacterium,0.029874758939028478,0.6744340586648653,0.1539387066214905,0.02025933759319995,0.035806328827224974,0.019417475728155338,0.009708737864077669,0.1553398058252427,0.8155339805825242,103,3
127,<class 'sklearn.svm._classes.OneClassSVM'>,Mycoplasma,-0.0026886237607124854,0.6727268205007042,0.00018162147592430526,4.276181075452958e-05,6.922497033880974e-05,0.019230769230769232,0.019230769230769232,0.46153846153846156,0.5,52,2
118,<class 'sklearn.svm._classes.OneClassSVM'>,Flavobacterium,-0.0026886237607124854,0.6727268205007042,0.15899339002802354,0.03743414825256139,0.06060028227798269,0.038461538461538464,0.0,0.4807692307692308,0.4807692307692308,52,2
115,<class 'sklearn.svm._classes.OneClassSVM'>,Escherichia,0.0053940294571291885,0.6715710773569845,0.06105917919850565,0.01803880108234019,0.027849873888108063,0.04265402843601896,0.009478672985781991,0.45023696682464454,0.4976303317535545,211,11
136,<class 'sklearn.svm._classes.OneClassSVM'>,Streptococcus,0.006926621244056664,0.6658212168671197,0.07666477528523019,0.025858267163133677,0.03867263775995612,0.053125,0.009375,0.446875,0.490625,320,20
128,<class 'sklearn.svm._classes.OneClassSVM'>,Neisseria,0.011561658017476753,0.6643158765782217,0.10156532577246785,0.03608260045978397,0.053248038974917505,0.05970149253731343,0.007462686567164179,0.43656716417910446,0.4962686567164179,268,18
120,<class 'sklearn.svm._classes.OneClassSVM'>,Haemophilus,0.023987422072913198,0.6637070480984305,0.20945424546817668,0.07979965344862487,0.1155688913048068,0.07407407407407407,0.0,0.41975308641975306,0.5061728395061729,162,12
135,<class 'sklearn.svm._classes.OneClassSVM'>,Sphaerotilus,-0.003432851347134089,0.6608505895985824,0.1730054389688834,0.05441718522336549,0.08279272170442442,0.05660377358490566,0.0,0.4716981132075472,0.4716981132075472,53,3
106,<class 'sklearn.svm._classes.OneClassSVM'>,Chlorella,0.01685875588625543,0.6561939961369581,0.20568053456521845,0.0783532973886795,0.11347766553715974,0.07407407407407407,0.0,0.42592592592592593,0.5,54,4
126,<class 'sklearn.svm._classes.OneClassSVM'>,Moraxella,0.01685875588625543,0.6561939961369581,0.20568053456521845,0.0783532973886795,0.11347766553715974,0.07407407407407407,0.0,0.42592592592592593,0.5,54,4
123,<class 'sklearn.svm._classes.OneClassSVM'>,Lactococcus,0.018179329226557153,0.6495929971690442,0.11939683017492952,0.052474547109861124,0.07290678283680524,0.00909090909090909,0.08181818181818182,0.4909090909090909,0.41818181818181815,110,10
130,<class 'sklearn.svm._classes.OneClassSVM'>,Pseudomonas,-0.0048226797123368005,0.6482023827903773,0.00020795312530768855,7.929751613355203e-05,0.0001148137823217512,0.037037037037037035,0.037037037037037035,0.4444444444444444,0.48148148148148145,54,4
99,<class 'sklearn.svm._classes.OneClassSVM'>,Anabaena,-0.005203319717980071,0.6475881732368012,0.0,0.0,0.0,0.037037037037037035,0.037037037037037035,0.46296296296296297,0.46296296296296297,54,4
108,<class 'sklearn.svm._classes.OneClassSVM'>,Citrobacter,0.02056617469150738,0.6470995952589369,0.21586504084499003,0.09489466505068185,0.1318345999079695,0.09090909090909091,0.0,0.41818181818181815,0.4909090909090909,55,5
114,<class 'sklearn.svm._classes.OneClassSVM'>,Enterobacter,0.02056617469150738,0.6470995952589369,0.21586504084499003,0.09489466505068185,0.1318345999079695,0.09090909090909091,0.0,0.41818181818181815,0.4909090909090909,55,5
124,<class 'sklearn.svm._classes.OneClassSVM'>,Methanocaldococcus,0.0001705657396269099,0.6398989712956425,0.0106827829371052,0.004705153929370268,0.006532927519690681,0.05454545454545454,0.03636363636363636,0.41818181818181815,0.4909090909090909,55,5
102,<class 'sklearn.svm._classes.OneClassSVM'>,Bacillus,0.0040912300130731384,0.6378019122470585,0.01850567096165278,0.008989779582641024,0.012101049423150082,0.06958250497017893,0.03578528827037773,0.4294234592445328,0.46520874751491054,503,53
37,<class 'sklearn.cluster._dbscan.DBSCAN'>,Salmonella,-0.016338964205780907,0.6307919900460566,0.15899339002802168,0.02921839754553487,0.049364942938395495,0.038461538461538464,0.0,0.4807692307692308,0.4807692307692308,104,4
7,<class 'sklearn.cluster._dbscan.DBSCAN'>,Bacteroides,0.024074074074074074,0.6282341820534548,0.17219431297355753,0.02955775899495014,0.05045477802049933,0.019230769230769232,0.019230769230769232,0.09615384615384616,0.8653846153846154,52,2
5,<class 'sklearn.cluster._dbscan.DBSCAN'>,Arthrospira,-0.015323613233654124,0.46265194557299216,0.1933483228506048,0.012427688645966098,0.023354255329680065,0.0196078431372549,0.0,0.37254901960784315,0.6078431372549019,51,1
